{
  "dataset_rows": 284807,
  "train_rows": 227845,
  "test_rows": 56962,
  "load_time_seconds": 1.0203,
  "training_time_seconds": 6.6639,
  "best_iteration": 300,
  "auc_roc": 0.977448,
  "accuracy": 0.999579,
  "f1_score": 0.875,
  "precision": 0.893617,
  "recall": 0.857143,
  "inference_latency_single_row_ms": 0.641864,
  "inference_throughput_1000_rows_per_sec": 79797.55679
}
